Date,Open,High,Low,Close,Volume
2020-07-31T00:00:00,20.579999923706055,20.579999923706055,20.368999481201172,15.419036865234377,9900
2020-08-03T00:00:00,20.25,20.454999923706055,20.25,15.484137535095217,5100
2020-08-04T00:00:00,20.399999618530273,20.81999969482422,20.299999237060547,15.665058135986328,1600
2020-08-05T00:00:00,20.700000762939453,20.899999618530273,20.700000762939453,15.7680082321167,11000
2020-08-06T00:00:00,21.010000228881836,21.020000457763672,20.5,15.561349868774414,2900
2020-08-07T00:00:00,20.6299991607666,20.6299991607666,20.200000762939453,15.442502975463867,1400
2020-08-10T00:00:00,20.5,20.719999313354492,20.4950008392334,15.514419555664062,5000
2020-08-11T00:00:00,20.600000381469727,20.68000030517578,20.299999237060547,15.366806030273438,4200
2020-08-12T00:00:00,20.149999618530273,20.260000228881836,20.100000381469727,15.253256797790527,2300
2020-08-13T00:00:00,20.200000762939453,20.36000061035156,20.125,15.234333038330078,2100
2020-08-14T00:00:00,20,20.149999618530273,20,15.230547904968262,2300
2020-08-17T00:00:00,20.649999618530273,20.700000762939453,20.40999984741211,15.450074195861816,2900
2020-08-18T00:00:00,20.5939998626709,20.5939998626709,20.5939998626709,15.589359283447266,100
2020-08-19T00:00:00,20.579999923706055,20.579999923706055,20.450000762939453,15.480354309082031,900
2020-08-20T00:00:00,20.299999237060547,20.309999465942383,20.18000030517578,15.275967597961426,29400
2020-08-21T00:00:00,20.079999923706055,20.079999923706055,19.92200088500977,15.192699432373049,4100
2020-08-24T00:00:00,21.030000686645508,21.15999984741211,20.677000045776367,15.88534164428711,7400
2020-08-25T00:00:00,21.760000228881836,21.760000228881836,21.239999771118164,16.41371726989746,9100
2020-08-26T00:00:00,21.899999618530273,21.93000030517578,21.5,16.320608139038086,24400
2020-08-27T00:00:00,21.989999771118164,21.989999771118164,21.209999084472656,16.218412399291992,1100
2020-08-28T00:00:00,22.3700008392334,23.030000686645508,21.941999435424805,16.68168830871582,2500
2020-08-31T00:00:00,22,22,21.7450008392334,16.552244186401367,2400
2020-09-01T00:00:00,21.8799991607666,21.8799991607666,21.25,16.0859432220459,4500
2020-09-02T00:00:00,21.25,21.479999542236328,21.167999267578125,16.260047912597656,1400
2020-09-03T00:00:00,21.850000381469727,21.850000381469727,21.690000534057617,16.419015884399414,600
2020-09-04T00:00:00,21.780000686645508,21.780000686645508,21,15.980721473693848,6200
2020-09-08T00:00:00,20.920000076293945,21.1200008392334,20.229999542236328,15.650673866271973,11700
2020-09-09T00:00:00,21,21.09000015258789,20.700000762939453,15.687009811401367,18400
2020-09-10T00:00:00,21.28499984741211,21.28499984741211,21.28499984741211,16.112436294555664,100
2020-09-11T00:00:00,21.44499969482422,21.44499969482422,21.44499969482422,16.23355484008789,200
2020-09-14T00:00:00,22.09000015258789,22.899999618530273,21.8799991607666,17.221418380737305,7500
2020-09-15T00:00:00,22.780000686645508,22.81999969482422,22.11000061035156,16.782367706298828,7300
2020-09-16T00:00:00,22.5,22.5,22.378999710083008,17.029903411865234,300
2020-09-17T00:00:00,22.030000686645508,22.030000686645508,21.670000076293945,16.40387535095215,3000
2020-09-18T00:00:00,21.739999771118164,21.739999771118164,21.5,16.350887298583984,75700
2020-09-21T00:00:00,20.88999938964844,20.940000534057617,20.375999450683594,15.58178997039795,46400
2020-09-22T00:00:00,20.61000061035156,21.43000030517578,20.549999237060547,16.142715454101562,45800
2020-09-23T00:00:00,20.739999771118164,20.989999771118164,20.579999923706055,15.62039566040039,30100
2020-09-24T00:00:00,20.260000228881836,20.799999237060547,19.920000076293945,15.593901634216309,11900
2020-09-25T00:00:00,20.3799991607666,20.479999542236328,20.350000381469727,15.442502975463867,20700
2020-09-28T00:00:00,20.719999313354492,21.239999771118164,20.70800018310547,16.011756896972656,3600
2020-09-29T00:00:00,20.75,20.84000015258789,20.75,15.7452974319458,1700
2020-09-30T00:00:00,20.75,20.989999771118164,20.75,15.737728118896484,6100
2020-10-01T00:00:00,20.719999313354492,20.719999313354492,20.5,15.653703689575195,3300
2020-10-02T00:00:00,20.63999938964844,20.98500061035156,20.628999710083008,15.726373672485352,8100
2020-10-05T00:00:00,20.959999084472656,20.959999084472656,20.857999801635746,15.809643745422363,1700
2020-10-06T00:00:00,20.969999313354492,20.969999313354492,20.75,15.70744800567627,10700
2020-10-07T00:00:00,21.190000534057617,21.489999771118164,20.724000930786133,15.68776798248291,5400
2020-10-08T00:00:00,20.989999771118164,20.989999771118164,20.583999633789062,15.58178997039795,7800
2020-10-09T00:00:00,20.559999465942383,20.579999923706055,20.219999313354492,15.480354309082031,7000
2020-10-12T00:00:00,20.34000015258789,20.520000457763672,20.280000686645508,15.450074195861816,800
2020-10-13T00:00:00,20.239999771118164,20.239999771118164,20.06999969482422,15.192699432373049,6100
2020-10-14T00:00:00,20.190000534057617,20.40999984741211,20.1200008392334,15.340309143066406,800
2020-10-15T00:00:00,19.88999938964844,20.950000762939453,19.799999237060547,15.07158088684082,7300
2020-10-16T00:00:00,19.85700035095215,19.959999084472656,19.825000762939453,15.026163101196287,2000
2020-10-19T00:00:00,19.93000030517578,20.020000457763672,19.93000030517578,15.154850006103516,5700
2020-10-20T00:00:00,19.770000457763672,19.8700008392334,19.579999923706055,14.821775436401367,11000
2020-10-21T00:00:00,19.38999938964844,19.43000030517578,19.100000381469727,14.677948951721191,6300
2020-10-22T00:00:00,19.415000915527344,19.489999771118164,19.40999984741211,14.693089485168455,1100
2020-10-23T00:00:00,19.792999267578125,20.420000076293945,19.792999267578125,15.340309143066406,1300
2020-10-26T00:00:00,19.850000381469727,20.5,19.315000534057617,14.712013244628906,30000
2020-10-27T00:00:00,19.38999938964844,19.65999984741211,19.350000381469727,14.797553062438965,1000
2020-10-28T00:00:00,19.100000381469727,19.100000381469727,18.920000076293945,14.352444648742676,4900
2020-10-29T00:00:00,18.989999771118164,19.1299991607666,18.920000076293945,14.481131553649902,1900
2020-10-30T00:00:00,19.1299991607666,19.368999481201172,19.100000381469727,14.63253116607666,71000
2020-11-02T00:00:00,19.209999084472656,19.290000915527344,18.8799991607666,14.487944602966309,3000
2020-11-03T00:00:00,19.54400062561035,19.90999984741211,19.54400062561035,14.988311767578123,2600
2020-11-04T00:00:00,20.020000457763672,20.23500061035156,19.92099952697754,15.253256797790527,3400
2020-11-05T00:00:00,20.12700080871582,20.600000381469727,20.12700080871582,15.457645416259766,6100
2020-11-06T00:00:00,20.68000030517578,20.799999237060547,20.40999984741211,15.450074195861816,6000
2020-11-09T00:00:00,20.63999938964844,21,20.55500030517578,15.765735626220703,3400
2020-11-10T00:00:00,20.959999084472656,20.959999084472656,20.829999923706055,15.78390407562256,1500
2020-11-11T00:00:00,20.899999618530273,20.899999618530273,20.600000381469727,15.662785530090332,2100
2020-11-12T00:00:00,20.7810001373291,20.7810001373291,20.579999923706055,15.609042167663574,1400
2020-11-13T00:00:00,20.8700008392334,20.8799991607666,20.600000381469727,15.669601440429688,2400
2020-11-16T00:00:00,21,21,21,15.896696090698242,300
2020-11-17T00:00:00,21,21.06999969482422,20.89699935913086,15.940601348876951,7700
2020-11-18T00:00:00,20.950000762939453,21.291000366210938,20.950000762939453,16.048091888427734,1900
2020-11-19T00:00:00,20.829999923706055,20.90999984741211,20.709999084472656,15.677167892456056,3100
2020-11-20T00:00:00,20.905000686645508,21.100000381469727,20.854999542236328,15.786931037902832,400
2020-11-23T00:00:00,21.020000457763672,21.479999542236328,20.84000015258789,16.169208526611328,10200
2020-11-24T00:00:00,21.5,21.690000534057617,21.399999618530273,16.412202835083008,11400
2020-11-25T00:00:00,21.760000228881836,21.8799991607666,21.6200008392334,16.39630699157715,18000
2020-11-27T00:00:00,22.049999237060547,22.170000076293945,22,16.715755462646484,5200
2020-11-30T00:00:00,22.459999084472656,22.56999969482422,22.09000015258789,16.96404266357422,7500
2020-12-01T00:00:00,22.520000457763672,22.63999938964844,22.19499969482422,17.073808670043945,2300
2020-12-02T00:00:00,22.84000015258789,22.854000091552734,22.760000228881836,17.300146102905273,500
2020-12-03T00:00:00,22.8799991607666,22.947999954223633,22.63999938964844,17.213850021362305,2600
2020-12-04T00:00:00,22.799999237060547,23.36000061035156,22.799999237060547,17.63776206970215,3200
2020-12-07T00:00:00,23.06999969482422,23.28499984741211,22.86000061035156,17.304689407348633,24200
2020-12-08T00:00:00,23.11000061035156,23.11000061035156,22.979999542236328,17.42580795288086,8400
2020-12-09T00:00:00,23.190000534057617,23.209999084472656,22.850000381469727,17.297119140625,5100
2020-12-10T00:00:00,23.489999771118164,23.7549991607666,23.479999542236328,17.982189178466797,6100
2020-12-11T00:00:00,23.739999771118164,23.760000228881836,23.552000045776367,17.828521728515625,10300
2020-12-14T00:00:00,24.010000228881836,24.13999938964844,23.780000686645508,18.016254425048828,19100
2020-12-15T00:00:00,24.329999923706055,24.540000915527344,24.290000915527344,18.541601181030273,55700
2020-12-16T00:00:00,24.36000061035156,24.3700008392334,24.1200008392334,18.419727325439453,15600
2020-12-17T00:00:00,24.450000762939453,24.56999969482422,24.38800048828125,18.498455047607425,7000
2020-12-18T00:00:00,23.93000030517578,24.04800033569336,23.760000228881836,18.20171546936035,9600
2020-12-21T00:00:00,23.709999084472656,23.93000030517578,23.635000228881836,18.057889938354492,9300
2020-12-22T00:00:00,23.84000015258789,24.030000686645508,23.700000762939453,17.940555572509766,4200
2020-12-23T00:00:00,24.350000381469727,24.469999313354492,24.1299991607666,18.42502784729004,4800
2020-12-24T00:00:00,24.61000061035156,24.649999618530273,24.399999618530273,18.612001419067383,8700
2020-12-28T00:00:00,24.989999771118164,25.31999969482422,24.989999771118164,19.151731491088867,6500
2020-12-29T00:00:00,25.1299991607666,25.1299991607666,24.90999984741211,18.924636840820312,6100
2020-12-30T00:00:00,25.075000762939453,26.024999618530273,24.709999084472656,18.720251083374023,22800
2020-12-31T00:00:00,24.739999771118164,24.739999771118164,24.530000686645508,18.64455223083496,3200
2021-01-04T00:00:00,25.770000457763672,26.2549991607666,25.299999237060547,19.22743034362793,22300
2021-01-05T00:00:00,25.200000762939453,25.200000762939453,25.06999969482422,19.055593490600582,10400
2021-01-06T00:00:00,25.219999313354492,25.61000061035156,25.200000762939453,19.333410263061523,32900
2021-01-07T00:00:00,25.575000762939453,26.209999084472656,25.575000762939453,19.83074951171875,18600
2021-01-08T00:00:00,25.979999542236328,26.350000381469727,25.655000686645508,19.8027400970459,13300
2021-01-11T00:00:00,26,26.18000030517578,25.229999542236328,19.63847541809082,22700
2021-01-12T00:00:00,26.3799991607666,26.3799991607666,26.100000381469727,19.795169830322266,22100
2021-01-13T00:00:00,25.5,25.5,25.010000228881836,19.151731491088867,54700
2021-01-14T00:00:00,25.299999237060547,25.59000015258789,25.200000762939453,19.306913375854492,12100
2021-01-15T00:00:00,24.549999237060547,24.625,24,18.167654037475582,26900
2021-01-19T00:00:00,24.600000381469727,25.149999618530273,24.600000381469727,19.038183212280273,6000
2021-01-20T00:00:00,25.13999938964844,25.13999938964844,24.875,18.84515380859375,8900
2021-01-21T00:00:00,25.440000534057617,25.739999771118164,25.18000030517578,19.246355056762695,28300
2021-01-22T00:00:00,25.450000762939453,26.016000747680664,25.450000762939453,19.51962661743164,14600
2021-01-25T00:00:00,25.6299991607666,26,24.489999771118164,19.023801803588867,31600
2021-01-26T00:00:00,25.1200008392334,25.299999237060547,24.709999084472656,18.954917907714844,22100
2021-01-27T00:00:00,24.270000457763672,25.190000534057617,24.239999771118164,18.830013275146484,26900
2021-01-28T00:00:00,25.209999084472656,25.5,25.125,19.303129196166992,10000
2021-01-29T00:00:00,25.309999465942383,25.309999465942383,25,18.924636840820312,36700
2021-02-01T00:00:00,24.899999618530273,24.969999313354492,24.59000015258789,18.614273071289062,14400
2021-02-02T00:00:00,25.93000030517578,26,25.5,19.681623458862305,92600
2021-02-03T00:00:00,26.540000915527344,28,26.540000915527344,20.59757423400879,95100
2021-02-04T00:00:00,27.40999984741211,27.40999984741211,27.200000762939453,20.62785530090332,38900
2021-02-05T00:00:00,27.8799991607666,27.90999984741211,27.5,20.9086971282959,71700
2021-02-08T00:00:00,27.850000381469727,27.850000381469727,27.566999435424805,21.00634765625,59300
2021-02-09T00:00:00,27.6299991607666,27.739999771118164,27.416000366210938,20.942005157470703,28900
2021-02-10T00:00:00,27.979999542236328,28.5,27.799999237060547,21.464324951171875,25800
2021-02-11T00:00:00,28.469999313354492,28.5,27.190000534057617,20.968496322631836,54400
2021-02-12T00:00:00,28.049999237060547,29.25,27.899999618530273,21.69141960144043,38100
2021-02-16T00:00:00,28.690000534057617,28.690000534057617,27.899999618530273,21.24858283996582,119300
2021-02-17T00:00:00,27.729999542236328,27.90999984741211,27.209999084472656,20.71869468688965,36600
2021-02-18T00:00:00,27.6299991607666,27.739999771118164,27.489999771118164,20.9760684967041,25500
2021-02-19T00:00:00,27.75,27.75,27.13999938964844,20.58243751525879,47600
2021-02-22T00:00:00,27.190000534057617,27.780000686645508,27.066999435424805,20.80272102355957,27400
2021-02-23T00:00:00,27.40999984741211,28,27.100000381469727,21.15471649169922,17700
2021-02-24T00:00:00,27.950000762939453,28.399999618530273,27.83799934387207,21.437828063964844,18200
2021-02-25T00:00:00,28.280000686645508,28.299999237060547,27.718000411987305,20.991207122802734,53900
2021-02-26T00:00:00,27.700000762939453,27.719999313354492,27.200000762939453,20.59000587463379,19000
2021-03-01T00:00:00,27.329999923706055,27.329999923706055,27.100000381469727,20.540802001953125,27900
2021-03-02T00:00:00,27.459999084472656,27.86000061035156,27.299999237060547,20.82467269897461,30600
2021-03-03T00:00:00,27.36000061035156,27.5,27.100000381469727,20.612714767456055,20200
2021-03-04T00:00:00,27.3799991607666,27.719999313354492,27.343000411987305,20.847381591796875,38900
2021-03-05T00:00:00,27.8700008392334,27.905000686645508,27.613000869750977,21.0441951751709,65000
2021-03-08T00:00:00,27.450000762939453,27.709999084472656,27.32900047302246,20.930648803710938,33100
2021-03-09T00:00:00,28.1200008392334,28.56999969482422,27.700000762939453,21.536237716674805,17900
2021-03-10T00:00:00,28.959999084472656,29,28.790000915527344,21.93592643737793,160500
2021-03-11T00:00:00,29.229999542236328,29.989999771118164,29.145000457763672,22.187244415283203,219500
2021-03-12T00:00:00,29.530000686645508,29.700000762939453,29.399999618530273,22.38405990600586,112900
2021-03-15T00:00:00,29.5,29.5,29.09000015258789,22.20238494873047,135500
2021-03-16T00:00:00,29.399999618530273,29.399999618530273,28.809999465942383,21.808752059936523,81600
2021-03-17T00:00:00,29,29.770000457763672,28.809999465942383,22.52031707763672,60400
2021-03-18T00:00:00,29.559999465942383,29.56999969482422,29.03499984741211,22.07369613647461,124800
2021-03-19T00:00:00,29.010000228881836,29.11000061035156,28.51799964904785,21.914730072021484,120600
2021-03-22T00:00:00,29.260000228881836,29.899999618530273,29.1200008392334,22.51274681091309,581500
2021-03-23T00:00:00,28.940000534057617,29.059999465942383,28.65800094604492,21.70353126525879,377600
2021-03-24T00:00:00,28.469999313354492,28.899999618530273,28.1200008392334,21.778472900390625,117200
2021-03-25T00:00:00,28.100000381469727,28.11000061035156,27.600000381469727,21.14260482788086,164500
2021-03-26T00:00:00,28.510000228881836,28.65999984741211,28.1200008392334,21.52109718322754,116100
2021-03-29T00:00:00,28.61000061035156,28.704999923706055,28.440000534057617,21.619504928588867,136800
2021-03-30T00:00:00,28.59000015258789,28.68000030517578,28.413999557495117,21.5967960357666,73600
2021-03-31T00:00:00,28.65999984741211,29.329999923706055,28.600000381469727,21.717914581298828,73300
2021-04-01T00:00:00,28.850000381469727,28.850000381469727,28.450000762939453,21.725482940673828,169200
2021-04-05T00:00:00,28.770000457763672,28.850000381469727,28.68000030517578,21.710344314575195,79700
2021-04-06T00:00:00,29.399999618530273,29.74099922180176,29.399999618530273,22.38405990600586,142900
2021-04-07T00:00:00,29.549999237060547,29.584999084472656,29.209999084472656,22.217525482177734,130800
2021-04-08T00:00:00,29.459999084472656,29.459999084472656,29.13999938964844,22.149394989013672,160500
2021-04-09T00:00:00,29.270000457763672,29.36000061035156,29.100000381469727,22.17967414855957,233300
2021-04-12T00:00:00,29.81999969482422,29.86000061035156,29.68000030517578,22.535459518432617,150400
2021-04-13T00:00:00,29.88999938964844,29.93000030517578,29.38999938964844,22.34621238708496,243300
2021-04-14T00:00:00,29.700000762939453,29.700000762939453,29.350000381469727,22.39011573791504,201500
2021-04-15T00:00:00,29.850000381469727,29.93000030517578,29.63999938964844,22.603588104248047,236800
2021-04-16T00:00:00,30.049999237060547,30.049999237060547,29.799999237060547,22.62629508972168,228600
2021-04-19T00:00:00,30.11000061035156,30.1200008392334,29.549999237060547,22.50517845153809,220400
2021-04-20T00:00:00,30.040000915527344,30.36000061035156,29.934999465942383,22.982080459594727,474100
2021-04-21T00:00:00,30.600000381469727,31,30.520000457763672,23.466548919677734,362900
2021-04-22T00:00:00,31.469999313354492,31.469999313354492,31.010000228881836,23.58766746520996,419300
2021-04-23T00:00:00,31.209999084472656,31.56999969482422,31.200000762939453,23.89803123474121,489800
2021-04-26T00:00:00,31.90999984741211,31.93000030517578,31.579999923706055,24.1251277923584,573600
2021-04-27T00:00:00,31.93000030517578,32.09000015258789,31.600000381469727,24.0570011138916,322800
2021-04-28T00:00:00,31.979999542236328,32.150001525878906,31.709999084472656,24.321945190429688,381900
2021-04-29T00:00:00,32.220001220703125,32.220001220703125,31.850000381469727,24.284095764160156,350000
2021-04-30T00:00:00,32.11000061035156,32.66899871826172,32.04999923706055,24.51875877380371,270100
2021-05-03T00:00:00,32.650001525878906,32.810001373291016,32.459999084472656,24.836694717407227,861600
2021-05-04T00:00:00,32.52000045776367,32.52000045776367,32.099998474121094,24.526330947875977,297800
2021-05-05T00:00:00,32.61000061035156,32.70000076293945,32.45000076293945,24.700435638427734,244200
2021-05-06T00:00:00,33.27000045776367,33.27000045776367,32.84000015258789,24.904823303222656,298600
2021-05-07T00:00:00,33.38999938964844,33.93000030517578,33.11000061035156,25.68451499938965,647700
2021-05-10T00:00:00,34.88999938964844,34.88999938964844,34.150001525878906,26.01759147644043,729900
2021-05-11T00:00:00,34.939998626708984,34.97999954223633,34.349998474121094,26.411226272583008,918000
2021-05-12T00:00:00,35.43000030517578,35.805999755859375,35.255001068115234,26.978960037231445,1254100
2021-05-13T00:00:00,34.9900016784668,35.47999954223633,34.65999984741211,26.797286987304688,546700
2021-05-14T00:00:00,36.29999923706055,36.939998626708984,36,27.963045120239254,621700
2021-05-17T00:00:00,36.9900016784668,36.9900016784668,36.22999954223633,27.55427360534668,720200
2021-05-18T00:00:00,35.540000915527344,35.79999923706055,34.66999816894531,26.52477264404297,779500
2021-05-19T00:00:00,33.45000076293945,33.810001373291016,32.79999923706055,24.98052215576172,841700
2021-05-20T00:00:00,34.5,35,34.41999816894531,26.36580467224121,721600
2021-05-21T00:00:00,35.16999816894531,35.18000030517578,33.9900016784668,25.851055145263672,474800
2021-05-24T00:00:00,34.95000076293945,35,34.70000076293945,26.267396926879883,243900
2021-05-25T00:00:00,35.119998931884766,35.38999938964844,34.880001068115234,26.638317108154297,183900
2021-05-26T00:00:00,35.619998931884766,35.689998626708984,34.779998779296875,26.456642150878903,289800
2021-05-27T00:00:00,34.79999923706055,34.81999969482422,33.95000076293945,25.88133430480957,385300
2021-05-28T00:00:00,34.52000045776367,34.650001525878906,33.36000061035156,26.040300369262695,278400
2021-06-01T00:00:00,34.9900016784668,35,34.29999923706055,26.05544090270996,375900
2021-06-02T00:00:00,34.150001525878906,34.4640007019043,34,25.95703125,252000
2021-06-03T00:00:00,33.900001525878906,33.90999984741211,33.5,25.434711456298828,414700
2021-06-04T00:00:00,34.15999984741211,34.20000076293945,33.49800109863281,25.47256088256836,292200
2021-06-07T00:00:00,34.47999954223633,34.83599853515625,34.34000015258789,26.312816619873047,382400
2021-06-08T00:00:00,34.88999938964844,34.98899841308594,34.7599983215332,26.403654098510746,255200
2021-06-09T00:00:00,35.61000061035156,35.900001525878906,35.29999923706055,26.84270477294922,269300
2021-06-10T00:00:00,35.59000015258789,35.819000244140625,35.060001373291016,26.661029815673828,327100
2021-06-11T00:00:00,35.029998779296875,35.04999923706055,34.61000061035156,26.418794631958008,156400
2021-06-14T00:00:00,35.65999984741211,35.66999816894531,35.0099983215332,26.54747772216797,307100
2021-06-15T00:00:00,34.63999938964844,34.77000045776367,34.57500076293945,26.229549407958984,189300
2021-06-16T00:00:00,34.83000183105469,35.04999923706055,34.099998474121094,25.83591651916504,175700
2021-06-17T00:00:00,33.849998474121094,34.290000915527344,33.50199890136719,25.434711456298828,456500
2021-06-18T00:00:00,34.34000015258789,34.439998626708984,34.060001373291016,25.9797420501709,324200
2021-06-21T00:00:00,34.849998474121094,34.97999954223633,34.55500030517578,26.274967193603516,292800
2021-06-22T00:00:00,35.189998626708984,35.459999084472656,35.07500076293945,26.83513832092285,287200
2021-06-23T00:00:00,36,36.5,35.880001068115234,27.28175926208496,525300
2021-06-24T00:00:00,36.150001525878906,36.380001068115234,36.07500076293945,27.418014526367188,583400
2021-06-25T00:00:00,36.459999084472656,36.459999084472656,36.02000045776367,27.418014526367188,215400
2021-06-28T00:00:00,36.54999923706055,36.54999923706055,36.29999923706055,27.53156089782715,306100
2021-06-29T00:00:00,36.58000183105469,36.61000061035156,36.32400131225586,27.546701431274418,251100
2021-06-30T00:00:00,36.52000045776367,36.9900016784668,36.52000045776367,28.000890731811523,247100
2021-07-01T00:00:00,37.619998931884766,37.6879997253418,37.349998474121094,28.508073806762695,490800
2021-07-02T00:00:00,37.65999984741211,37.65999984741211,37.310001373291016,28.492935180664062,454500
2021-07-06T00:00:00,37.209999084472656,37.209999084472656,35.0099983215332,26.5853328704834,974000
2021-07-07T00:00:00,35.47999954223633,35.790000915527344,35.25,26.986534118652344,435400
2021-07-08T00:00:00,35.619998931884766,35.83000183105469,35.099998474121094,26.86541748046875,355300
2021-07-09T00:00:00,36,36.40999984741211,36,27.349889755249023,203000
2021-07-12T00:00:00,35.15999984741211,35.15999984741211,34.720001220703125,26.396085739135746,829100
2021-07-13T00:00:00,35.47999954223633,35.59000015258789,35.189998626708984,26.78971290588379,263300
2021-07-14T00:00:00,35.400001525878906,35.849998474121094,35.141998291015625,26.797286987304688,286000
2021-07-15T00:00:00,35.630001068115234,35.84000015258789,35.23500061035156,26.888124465942383,189900
2021-07-16T00:00:00,35.58000183105469,35.619998931884766,35.25,26.963821411132812,113400
2021-07-19T00:00:00,35.400001525878906,35.47999954223633,34.82500076293945,26.44150161743164,353300
2021-07-20T00:00:00,34.31999969482422,34.52000045776367,34.0099983215332,26.11599922180176,291900
2021-07-21T00:00:00,34.70000076293945,34.88999938964844,34.5,26.350666046142575,149400
2021-07-22T00:00:00,34.18000030517578,34.18000030517578,33.720001220703125,25.631528854370117,308800
2021-07-23T00:00:00,34.15999984741211,34.349998474121094,33.95500183105469,25.9797420501709,213900
2021-07-26T00:00:00,35,35.5,34.95000076293945,26.83513832092285,359800
2021-07-27T00:00:00,35.470001220703125,35.479000091552734,35.13999938964844,26.706445693969727,147700
2021-07-28T00:00:00,35.36000061035156,35.75,35.33000183105469,27.06222915649414,166500
2021-07-29T00:00:00,35.68000030517578,36.018001556396484,35.5,27.2363338470459,217700
2021-07-30T00:00:00,35.54999923706055,35.70000076293945,35.40299987792969,26.857845306396484,225100
2021-08-02T00:00:00,36.45000076293945,36.45500183105469,36,27.35745429992676,160600
2021-08-03T00:00:00,36.560001373291016,36.56999969482422,36.02000045776367,27.44829368591309,225400
2021-08-04T00:00:00,36.540000915527344,36.790000915527344,36.38999938964844,27.81164932250977,168900
2021-08-05T00:00:00,36.72999954223633,37.150001525878906,36.4739990234375,28.11444091796875,370100
2021-08-06T00:00:00,37.209999084472656,37.25,36.93000030517578,28.197710037231445,220200
2021-08-09T00:00:00,37.29999923706055,37.34000015258789,36.97999954223633,28.175003051757812,266800
2021-08-10T00:00:00,37.310001373291016,37.52000045776367,37.22999954223633,28.296119689941406,216900
2021-08-11T00:00:00,37.47999954223633,37.97800064086914,37.38999938964844,28.727602005004883,321700
2021-08-12T00:00:00,37.88999938964844,37.88999938964844,36.849998474121094,28.000890731811523,294900
2021-08-13T00:00:00,37.02000045776367,37.02000045776367,36.599998474121094,27.751089096069336,274100
2021-08-16T00:00:00,37.959999084472656,38.279998779296875,37.79999923706055,28.939558029174805,769000
2021-08-17T00:00:00,37.939998626708984,37.9900016784668,37.34000015258789,28.356674194335938,455100
2021-08-18T00:00:00,37.66999816894531,37.70000076293945,36.599998474121094,28.22041893005371,578600
2021-08-19T00:00:00,36.310001373291016,36.31999969482422,35.0099983215332,27.00924301147461,514700
2021-08-20T00:00:00,35.650001525878906,35.88999938964844,35.400001525878906,27.077373504638672,222900
2021-08-23T00:00:00,36.29999923706055,36.31999969482422,35.90999984741211,27.486143112182617,333000
2021-08-24T00:00:00,36.68000030517578,37.060001373291016,36.68000030517578,28.046314239501953,475000
2021-08-25T00:00:00,36.81999969482422,37.16999816894531,36.52000045776367,28.084157943725582,366800
2021-08-26T00:00:00,37.63999938964844,37.79999923706055,37.56999969482422,28.470226287841797,282900
2021-08-27T00:00:00,38.20000076293945,39.43000030517578,38.060001373291016,29.802518844604492,1026700
2021-08-30T00:00:00,39.68000030517578,39.98699951171875,39.47999954223633,30.218862533569336,847100
2021-08-31T00:00:00,39.95000076293945,40.09000015258789,39.689998626708984,30.158302307128903,473800
2021-09-01T00:00:00,39.72999954223633,39.72999954223633,39.27000045776367,29.93120574951172,586300
2021-09-02T00:00:00,39.97999954223633,40.29600143432617,39.849998474121094,30.400535583496097,715300
2021-09-03T00:00:00,40.540000915527344,40.72999954223633,40.08000183105469,30.665483474731445,439700
2021-09-07T00:00:00,40.86000061035156,41.0099983215332,40.470001220703125,30.809310913085938,769500
2021-09-08T00:00:00,40.869998931884766,40.88999938964844,40.400001525878906,30.900148391723633,443600
2021-09-09T00:00:00,40.63999938964844,40.90999984741211,40.5099983215332,30.733612060546875,415700
2021-09-10T00:00:00,40.16999816894531,40.16999816894531,39.6510009765625,30.226430892944336,470600
2021-09-13T00:00:00,40.29999923706055,40.47999954223633,39.61000061035156,30.2415714263916,634000
2021-09-14T00:00:00,39.439998626708984,39.439998626708984,38.86199951171875,29.749530792236328,416200
2021-09-15T00:00:00,39.93000030517578,40.22999954223633,39.560001373291016,30.02204132080078,307900
2021-09-16T00:00:00,39.349998474121094,39.52000045776367,38.95000076293945,29.87064743041992,317600
2021-09-17T00:00:00,39.790000915527344,39.80099868774414,39.33000183105469,29.96905517578125,512500
2021-09-20T00:00:00,39.349998474121094,40.21799850463867,39.349998474121094,30.188579559326172,374300
2021-09-21T00:00:00,39.560001373291016,39.72999954223633,39.470001220703125,30.075031280517575,240600
2021-09-22T00:00:00,39.720001220703125,40.124000549316406,39.630001068115234,30.226430892944336,530200
2021-09-23T00:00:00,40.119998931884766,40.2400016784668,39.83000183105469,30.233999252319336,324900
2021-09-24T00:00:00,40.779998779296875,41.779998779296875,40.65999984741211,31.62685203552246,716400
2021-09-27T00:00:00,42.08000183105469,42.61399841308594,41.97999954223633,32.11132049560547,797100
2021-09-28T00:00:00,42.400001525878906,42.400001525878906,40.810001373291016,31.134815216064453,734400
2021-09-29T00:00:00,40.959999084472656,41.40999984741211,40.619998931884766,31.195371627807617,553300
2021-09-30T00:00:00,40.650001525878906,41.09000015258789,40.52000045776367,31.10453414916992,653500
2021-10-01T00:00:00,42,42.14400100708008,41.2599983215332,31.884227752685547,616800
2021-10-04T00:00:00,42.400001525878906,42.86000061035156,42.20000076293945,32.16431427001953,679500
2021-10-05T00:00:00,43.09000015258789,43.369998931884766,42.7599983215332,32.52766418457031,658300
2021-10-06T00:00:00,40.459999084472656,41,40.06100082397461,30.680618286132812,1214300
2021-10-07T00:00:00,40.529998779296875,40.72999954223633,39.45000076293945,30.748750686645508,778200
2021-10-08T00:00:00,39.959999084472656,40.03900146484375,39.06999969482422,29.598134994506836,654700
2021-10-11T00:00:00,39.84000015258789,40.060001373291016,39.630001068115234,30.158302307128903,435400
2021-10-12T00:00:00,39.81999969482422,40.13999938964844,39.81999969482422,30.34754753112793,377200
2021-10-13T00:00:00,40,40.15999984741211,39.68000030517578,30.377826690673828,312300
2021-10-14T00:00:00,40.58000183105469,41.560001373291016,40.54499816894531,31.40732765197754,621400
2021-10-15T00:00:00,41.369998931884766,41.380001068115234,40.02000045776367,30.32484245300293,662500
2021-10-18T00:00:00,40.220001220703125,40.29999923706055,39.41999816894531,29.90849494934082,517600
2021-10-19T00:00:00,39.279998779296875,39.34000015258789,38.08000183105469,29.257492065429688,833600
2021-10-20T00:00:00,39.130001068115234,40.099998474121094,39.060001373291016,30.2794189453125,448700
2021-10-21T00:00:00,40.470001220703125,40.63999938964844,40.20000076293945,30.710899353027344,300400
2021-10-22T00:00:00,41.29999923706055,41.5,40.60200119018555,31.35433578491211,587900
2021-10-25T00:00:00,41.22999954223633,41.5,41.099998474121094,31.384618759155273,463400
2021-10-26T00:00:00,41.56999969482422,41.790000915527344,41.459999084472656,31.4830265045166,374300
2021-10-27T00:00:00,41.38999938964844,41.5099983215332,41.06999969482422,31.331626892089844,646800
2021-10-28T00:00:00,40.7599983215332,41.04999923706055,40.42100143432617,31.074254989624023,709900
2021-10-29T00:00:00,40.849998474121094,41.11000061035156,40.66999816894531,30.922855377197266,667900
2021-11-01T00:00:00,41.220001220703125,41.310001373291016,40.31999969482422,30.604923248291016,692600
2021-11-02T00:00:00,41.650001525878906,41.88999938964844,41.45000076293945,31.687416076660156,388800
2021-11-03T00:00:00,41.95000076293945,42.26900100708008,41.869998931884766,31.740400314331055,323300
2021-11-04T00:00:00,42.439998626708984,42.59000015258789,41.40999984741211,31.60414695739746,433000
2021-11-05T00:00:00,41.66999816894531,41.66999816894531,41.25,31.54358291625977,421900
2021-11-08T00:00:00,42.029998779296875,42.45000076293945,42,32.134037017822266,451200
2021-11-09T00:00:00,42.5,42.70000076293945,42.20000076293945,32.17945098876953,312400
2021-11-10T00:00:00,43,43.900001525878906,42.91999816894531,33.14082336425781,700700
2021-11-11T00:00:00,43.7599983215332,44.38999938964844,43.70000076293945,33.526885986328125,532200
2021-11-12T00:00:00,44.290000915527344,44.56999969482422,44.06999969482422,33.48904037475586,583000
2021-11-15T00:00:00,44.900001525878906,45.900001525878906,44.599998474121094,34.67750930786133,686500
2021-11-16T00:00:00,45.869998931884766,46.400001525878906,45.849998474121094,34.85161590576172,1002200
2021-11-17T00:00:00,46.060001373291016,46.18000030517578,45.119998931884766,34.51853561401367,844300
2021-11-18T00:00:00,45.599998474121094,47.07500076293945,45.57099914550781,35.419349670410156,826600
2021-11-19T00:00:00,46.779998779296875,47.154998779296875,46.630001068115234,35.638877868652344,597200
2021-11-22T00:00:00,47.29999923706055,47.380001068115234,46.650001525878906,35.44205856323242,781200
2021-11-23T00:00:00,46.9900016784668,47.130001068115234,46.33000183105469,35.16954803466797,457100
2021-11-24T00:00:00,47.40999984741211,48,46.099998474121094,35.04842758178711,675500
2021-11-26T00:00:00,46.720001220703125,47.380001068115234,46.40999984741211,35.47990798950195,488100
2021-11-29T00:00:00,47.83000183105469,48.06999969482422,47.599998474121094,36.07035827636719,493000
2021-11-30T00:00:00,48.0099983215332,48.290000915527344,47.6349983215332,36.20661926269531,604500
2021-12-01T00:00:00,49.310001373291016,49.38999938964844,48.40800094604492,36.68351745605469,655500
2021-12-02T00:00:00,49.310001373291016,49.310001373291016,47.90999984741211,36.615386962890625,757700
2021-12-03T00:00:00,47.689998626708984,48.36000061035156,47.54999923706055,36.26717376708984,680500
2021-12-06T00:00:00,48.400001525878906,50.16999816894531,48.32500076293945,37.87198257446289,864100
2021-12-07T00:00:00,50.810001373291016,52.04999923706055,50.61000061035156,39.249698638916016,1158900
2021-12-08T00:00:00,53.7599983215332,54.790000915527344,53.5,41.4373893737793,1448200
2021-12-09T00:00:00,52.4900016784668,52.54999923706055,50.04100036621094,38.09907531738281,1621700
2021-12-10T00:00:00,50.709999084472656,51.59000015258789,50.400001525878906,39.045310974121094,838100
2021-12-13T00:00:00,51.59000015258789,51.749000549316406,50.06999969482422,37.93254470825195,681400
2021-12-14T00:00:00,49.47999954223633,49.5,48.650001525878906,37.31181335449219,1210100
2021-12-15T00:00:00,49.18000030517578,50.18000030517578,49.18000030517578,37.94768524169922,796700
2021-12-16T00:00:00,50.70000076293945,52.099998474121094,50.560001373291016,39.31025695800781,665000
2021-12-17T00:00:00,48.400001525878906,48.45000076293945,46.36000061035156,35.555606842041016,1906100
2021-12-20T00:00:00,48.13999938964844,49.900001525878906,48,37.561614990234375,1166900
2021-12-21T00:00:00,49.880001068115234,49.9900016784668,48.849998474121094,37.20583724975586,777500
2021-12-22T00:00:00,48.560001373291016,49,48.209999084472656,37.092288970947266,536000
2021-12-23T00:00:00,47.86000061035156,48.13999938964844,47.599998474121094,36.19147491455078,646000
2021-12-27T00:00:00,48.40999984741211,48.8489990234375,48.25,36.887901306152344,492100
2021-12-28T00:00:00,49.5,49.79899978637695,49.29999923706055,37.6221809387207,750000
2021-12-29T00:00:00,49.869998931884766,50.45000076293945,49.46500015258789,38.32818603515625,727400
2021-12-30T00:00:00,50,50.31999969482422,49.89699935913086,38.183631896972656,440400
2021-12-31T00:00:00,50.84000015258789,50.93000030517578,50.5099983215332,38.72378921508789,475200
2022-01-03T00:00:00,51.220001220703125,52.685001373291016,51.11000061035156,39.918216705322266,921900
2022-01-04T00:00:00,53.220001220703125,53.4900016784668,52.310001373291016,40.39751052856445,874800
2022-01-05T00:00:00,53.189998626708984,54.38999938964844,53,40.99092102050781,1230600
2022-01-06T00:00:00,53.459999084472656,53.47999954223633,52.70000076293945,40.2681770324707,747800
2022-01-07T00:00:00,52.959999084472656,53.04999923706055,52.279998779296875,39.86496353149414,759300
2022-01-10T00:00:00,51.33000183105469,51.33000183105469,49.25,38.28253555297851,1680000
2022-01-11T00:00:00,50.650001525878906,50.790000915527344,49.849998474121094,38.358612060546875,476800
2022-01-12T00:00:00,50.060001373291016,50.310001373291016,49.13100051879883,38.077125549316406,795500
2022-01-13T00:00:00,49.849998474121094,50.849998474121094,49.7400016784668,38.56402587890625,579700
2022-01-14T00:00:00,51.18000030517578,51.189998626708984,50.70000076293945,38.921592712402344,433600
2022-01-18T00:00:00,50.63999938964844,50.880001068115234,50.400001525878906,38.65532302856445,506800
2022-01-19T00:00:00,50.25,50.5,49.83000183105469,37.917362213134766,591900
2022-01-20T00:00:00,50.880001068115234,51.83000183105469,50.68000030517578,39.11178970336914,753800
2022-01-21T00:00:00,50.939998626708984,50.952999114990234,50.029998779296875,38.60967254638672,1016200
2022-01-24T00:00:00,50,50.099998474121094,48.619998931884766,37.704345703125,1859700
2022-01-25T00:00:00,50.90999984741211,51.25,49.9900016784668,38.94441604614258,706700
2022-01-26T00:00:00,52.290000915527344,52.59000015258789,51.27000045776367,39.03570938110352,840900
2022-01-27T00:00:00,51.400001525878906,52,51.310001373291016,39.15743637084961,535200
2022-01-28T00:00:00,51.81999969482422,51.970001220703125,51.5099983215332,39.33241271972656,356900
2022-01-31T00:00:00,51.59000015258789,52.15999984741211,51.40999984741211,39.65194320678711,561100
2022-02-01T00:00:00,51.619998931884766,52.20000076293945,51.34700012207031,39.7052001953125,597600
2022-02-02T00:00:00,54,54.90999984741211,53.900001525878906,41.683231353759766,1404400
2022-02-03T00:00:00,54.400001525878906,55.025001525878906,54.15999984741211,41.804954528808594,904600
2022-02-04T00:00:00,55.7400016784668,56.06999969482422,55.5,42.596168518066406,775900
2022-02-07T00:00:00,55.849998474121094,55.9900016784668,55.15999984741211,42.147308349609375,1071000
2022-02-08T00:00:00,55.720001220703125,55.9900016784668,55.02000045776367,42.10926818847656,769300
2022-02-09T00:00:00,54.56999969482422,54.61000061035156,52.650001525878906,40.54966735839844,1089400
2022-02-10T00:00:00,52.36000061035156,53.31999969482422,52.36000061035156,40.24535369873047,689500
2022-02-11T00:00:00,53.18000030517578,53.685001373291016,53.095001220703125,40.58009719848633,635000
2022-02-14T00:00:00,52.400001525878906,52.689998626708984,52.15999984741211,39.89539337158203,656200
2022-02-15T00:00:00,52.72999954223633,52.939998626708984,51.779998779296875,39.5150032043457,659600
2022-02-16T00:00:00,51.95000076293945,52.220001220703125,51.54999923706055,39.40849304199219,555200
2022-02-17T00:00:00,51,51.08100128173828,50.2599983215332,38.41187286376953,678800
2022-02-18T00:00:00,51.5,52.0880012512207,51.5,39.37045669555664,412200
2022-02-22T00:00:00,51.400001525878906,52.060001373291016,51.18000030517578,39.40849304199219,510400
2022-02-23T00:00:00,53.959999084472656,54.16999816894531,53.41999816894531,40.85397720336914,862000
2022-02-24T00:00:00,49.86000061035156,51.25,49.099998474121094,38.91398620605469,1455300
2022-02-25T00:00:00,51.56999969482422,52,51.22999954223633,39.38567352294922,421100
2022-02-28T00:00:00,49.70000076293945,49.9900016784668,48.709999084472656,37.27830505371094,1319400
2022-03-01T00:00:00,45.22999954223633,45.38399887084961,40.5099983215332,32.401695251464844,4304000
2022-03-02T00:00:00,42.869998931884766,43.12900161743164,41.119998931884766,32.01369857788086,2280000
2022-03-03T00:00:00,41.65999984741211,41.65999984741211,40.369998931884766,30.81166076660156,2027800
2022-03-04T00:00:00,40.709999084472656,40.91999816894531,39.20000076293945,30.3627986907959,1923500
2022-03-07T00:00:00,36.91999816894531,37.119998931884766,35.349998474121094,27.083829879760746,2777800
2022-03-08T00:00:00,38.599998474121094,40.880001068115234,38.529998779296875,30.3856201171875,1447500
2022-03-09T00:00:00,42.25,43.349998474121094,41.4900016784668,32.797298431396484,1210200
2022-03-10T00:00:00,44.2400016784668,44.77000045776367,43.720001220703125,33.52004623413086,869900
2022-03-11T00:00:00,44.83000183105469,45.400001525878906,44.099998474121094,34.1058464050293,652800
2022-03-14T00:00:00,46.40999984741211,46.5,45.11000061035156,34.334083557128906,1021600
2022-03-15T00:00:00,44.779998779296875,45.66999816894531,44.56999969482422,34.69164276123047,549300
2022-03-16T00:00:00,45.25,46.279998779296875,45.02000045776367,35.20897674560547,368800
2022-03-17T00:00:00,46.43000030517578,46.95000076293945,46.43000030517578,35.6806640625,369800
2022-03-18T00:00:00,46.54999923706055,46.70000076293945,46.119998931884766,35.262229919433594,419900
2022-03-21T00:00:00,45.869998931884766,46.20000076293945,45.400001525878906,34.881839752197266,321700
2022-03-22T00:00:00,46.5,46.779998779296875,46.1349983215332,35.429603576660156,260800
2022-03-23T00:00:00,46.20000076293945,46.25,44.56999969482422,34.31886291503906,721300
2022-03-24T00:00:00,45.25,46.040000915527344,44.944000244140625,34.9959602355957,416800
2022-03-25T00:00:00,45.52000045776367,46.13999938964844,45.33000183105469,35.09486389160156,216300
2022-03-28T00:00:00,46.97999954223633,47.34299850463867,46.97999954223633,35.92411422729492,228500
2022-03-29T00:00:00,48.22999954223633,48.7400016784668,48.05500030517578,37.034854888916016,336800
2022-03-30T00:00:00,47.33000183105469,48.060001373291016,47.2400016784668,36.19038772583008,311600
2022-03-31T00:00:00,47.2400016784668,47.2400016784668,46,35.49807357788086,290800
2022-04-01T00:00:00,47.099998474121094,47.45000076293945,47.029998779296875,35.962154388427734,189100
2022-04-04T00:00:00,47.20000076293945,47.709999084472656,46.880001068115234,36.228424072265625,133300
2022-04-05T00:00:00,47.279998779296875,47.3650016784668,47.084999084472656,35.863250732421875,166000
2022-04-06T00:00:00,46.88999938964844,46.900001525878906,46.4900016784668,35.55133056640625,339000
2022-04-07T00:00:00,47.59000015258789,48.099998474121094,47.59000015258789,36.40340423583984,227500
2022-04-08T00:00:00,48,48.18000030517578,47.95000076293945,36.639251708984375,159200
2022-04-11T00:00:00,47.380001068115234,47.380001068115234,46.90999984741211,35.840431213378906,248100
2022-04-12T00:00:00,47.400001525878906,47.67499923706055,47.25,36.053443908691406,146800
2022-04-13T00:00:00,46.90999984741211,47.31999969482422,46.79999923706055,35.93172073364258,100300
2022-04-14T00:00:00,48,48.09000015258789,47.56999969482422,36.30450439453125,129800
2022-04-18T00:00:00,47.20000076293945,47.84000015258789,47.10200119018555,35.91650390625,158800
2022-04-19T00:00:00,47.54999923706055,47.88999938964844,47.40999984741211,36.07626724243164,167500
2022-04-20T00:00:00,50,50.7400016784668,49.90999984741211,38.099952697753906,522700
2022-04-21T00:00:00,50.4900016784668,50.650001525878906,50.060001373291016,38.13798904418945,289100
2022-04-22T00:00:00,51.04999923706055,51.189998626708984,50.61000061035156,38.51837921142578,328600
2022-04-25T00:00:00,48.11000061035156,48.36000061035156,47.92599868774414,36.56317138671875,540700
2022-04-26T00:00:00,48.40999984741211,48.65999984741211,47.20000076293945,35.92411422729492,274000
2022-04-27T00:00:00,46.79999923706055,46.91999816894531,46.29999923706055,35.41438674926758,199700
2022-04-28T00:00:00,46.5,47.34299850463867,46.38199996948242,35.8708610534668,169800
2022-04-29T00:00:00,47.91999816894531,48.290000915527344,47.31999969482422,36.06105422973633,147300
2022-05-02T00:00:00,47.15999984741211,47.220001220703125,46.770999908447266,35.627410888671875,216500
2022-05-03T00:00:00,49.04999923706055,49.27000045776367,48.9119987487793,37.36199188232422,277700
2022-05-04T00:00:00,48.5,49.459999084472656,48.310001373291016,37.575008392333984,185800
2022-05-05T00:00:00,50.25,50.25,49.06999969482422,37.46089553833008,267400
2022-05-06T00:00:00,50.220001220703125,50.7400016784668,49.86000061035156,38.2673225402832,690000
2022-05-09T00:00:00,48.83000183105469,49.15999984741211,48.15999984741211,36.669681549072266,858400
2022-05-10T00:00:00,48.95000076293945,49.279998779296875,48.43199920654297,37.22505187988281,315500
2022-05-11T00:00:00,48.63999938964844,49.93000030517578,48.619998931884766,37.18701171875,246500
2022-05-12T00:00:00,47.9900016784668,48.630001068115234,47.880001068115234,36.5023078918457,496900
2022-05-13T00:00:00,47.97999954223633,48.58000183105469,47.86000061035156,36.791404724121094,228000
2022-05-16T00:00:00,48.630001068115234,49.38999938964844,48.58000183105469,37.50653839111328,175600
2022-05-17T00:00:00,50.20000076293945,50.709999084472656,49.34000015258789,37.84889221191406,431900
2022-05-18T00:00:00,47.20000076293945,47.95000076293945,47.06999969482422,36.13713455200195,663400
2022-05-19T00:00:00,46.86000061035156,47.72100067138672,46.7400016784668,35.962154388427734,415300
2022-05-20T00:00:00,47.0099983215332,47.119998931884766,46.02000045776367,35.24701690673828,478100
2022-05-23T00:00:00,46,46.29999923706055,45.82099914550781,35.20137405395508,233300
2022-05-24T00:00:00,47.27000045776367,47.81999969482422,47.150001525878906,36.03062438964844,226600
2022-05-25T00:00:00,47.349998474121094,47.7599983215332,47.25,36.197994232177734,92700
2022-05-26T00:00:00,48.400001525878906,49.400001525878906,48.400001525878906,37.400028228759766,193100
2022-05-27T00:00:00,49.0099983215332,49.130001068115234,48.79199981689453,37.2554817199707,142800
2022-05-31T00:00:00,48.970001220703125,49.36000061035156,48.91999816894531,37.40763473510742,233800
2022-06-01T00:00:00,49.150001525878906,50.349998474121094,49.150001525878906,37.917362213134766,469200
2022-06-02T00:00:00,50.099998474121094,50.38999938964844,49.849998474121094,38.20645904541016,177400
2022-06-03T00:00:00,50.33000183105469,50.5,50.130001068115234,38.221675872802734,71600
2022-06-06T00:00:00,49,49,48.244998931884766,36.84465789794922,263400
2022-06-07T00:00:00,48.18000030517578,48.31999969482422,47.84000015258789,36.44905471801758,121500
2022-06-08T00:00:00,47.90999984741211,48.18000030517578,47.61000061035156,36.51752471923828,254500
2022-06-09T00:00:00,48.709999084472656,48.93000030517578,47.619998931884766,36.251251220703125,188000
2022-06-10T00:00:00,47.70000076293945,48.04999923706055,47.61000061035156,36.47187423706055,178700
2022-06-13T00:00:00,46.97999954223633,47.349998474121094,46.63100051879883,35.505680084228516,297500
2022-06-14T00:00:00,47.560001373291016,47.65999984741211,47.029998779296875,35.809993743896484,222100
2022-06-15T00:00:00,47.31999969482422,48.314998626708984,47.31999969482422,36.63164138793945,153200
2022-06-16T00:00:00,47.15999984741211,47.45000076293945,46.7400016784668,35.908897399902344,281400
2022-06-17T00:00:00,47.310001373291016,47.310001373291016,46.36000061035156,35.43721389770508,210000
2022-06-21T00:00:00,47.61000061035156,48.06999969482422,47.459999084472656,36.27407455444336,314400
2022-06-22T00:00:00,46.93000030517578,46.93000030517578,46.20000076293945,35.26984405517578,416800
2022-06-23T00:00:00,46.63999938964844,47.150001525878906,46.529998779296875,35.55133056640625,250800
2022-06-24T00:00:00,46.599998474121094,46.92100143432617,46.599998474121094,35.6121940612793,182400
2022-06-27T00:00:00,47.209999084472656,47.68000030517578,46.939998626708984,35.733917236328125,236800
2022-06-28T00:00:00,47.25,48.470001220703125,47.220001220703125,36.616424560546875,236400
2022-06-29T00:00:00,48.4900016784668,48.4900016784668,48.02000045776367,36.72293472290039,182500
2022-06-30T00:00:00,48.47999954223633,49.25,48.47999954223633,37.45328521728515,273000
2022-07-01T00:00:00,48.08000183105469,48.540000915527344,47.63999938964844,36.79901123046875,289600
2022-07-05T00:00:00,47.09000015258789,47.09000015258789,46.2599983215332,35.323097229003906,387300
2022-07-06T00:00:00,46.459999084472656,46.92100143432617,46.369998931884766,35.399173736572266,150800
2022-07-07T00:00:00,46.810001373291016,47.220001220703125,46.70000076293945,35.66544723510742,257300
2022-07-08T00:00:00,46.7599983215332,46.7599983215332,46.099998474121094,35.30788040161133,167900
2022-07-11T00:00:00,46.400001525878906,46.709999084472656,46.209999084472656,35.17854690551758,92900
2022-07-12T00:00:00,46.45000076293945,46.79999923706055,46.36000061035156,35.36113357543945,193000
2022-07-13T00:00:00,46.0099983215332,46.099998474121094,45.619998931884766,34.722076416015625,173500
2022-07-14T00:00:00,45.540000915527344,45.66999816894531,45.029998779296875,34.53187942504883,198700
2022-07-15T00:00:00,45.77000045776367,46.22999954223633,45.66999816894531,34.82858657836914,227500
2022-07-18T00:00:00,45.880001068115234,46.08000183105469,45.5,34.64600372314453,312300
2022-07-19T00:00:00,45.77000045776367,46,45.64300155639648,34.919883728027344,172200
2022-07-20T00:00:00,44.72999954223633,44.72999954223633,43.599998474121094,33.23855209350586,479300
2022-07-21T00:00:00,43.36000061035156,43.869998931884766,43.209999084472656,33.314632415771484,228700
2022-07-22T00:00:00,43.79999923706055,43.83000183105469,42.55699920654297,32.49298858642578,435400
2022-07-25T00:00:00,43.20000076293945,43.31999969482422,42.599998474121094,32.66796875,197400
2022-07-26T00:00:00,42.7400016784668,42.86000061035156,42.404998779296875,32.3408317565918,170000
2022-07-27T00:00:00,42.7400016784668,43.130001068115234,42.45000076293945,32.78208541870117,143100
2022-07-28T00:00:00,43.75,44.20000076293945,43.529998779296875,33.34506607055664,138000
2022-07-29T00:00:00,43.43000030517578,44.1349983215332,43.27000045776367,33.504825592041016,409400
2022-08-01T00:00:00,44.45000076293945,45.290000915527344,44.41999816894531,34.2427864074707,210900
2022-08-02T00:00:00,45.310001373291016,45.86000061035156,45.290000915527344,34.623172760009766,129100
2022-08-03T00:00:00,46.040000915527344,46.68000030517578,46.02000045776367,35.39156723022461,158300
2022-08-04T00:00:00,46.689998626708984,46.95000076293945,46.52000045776367,35.61980056762695,135500
2022-08-05T00:00:00,46.459999084472656,47,46.459999084472656,35.7263069152832,111600
2022-08-08T00:00:00,46.9900016784668,46.9900016784668,46.61000061035156,35.688270568847656,115700
2022-08-09T00:00:00,47.790000915527344,48.02000045776367,47.5,36.411014556884766,360200
2022-08-10T00:00:00,48.119998931884766,48.77000045776367,48.119998931884766,37.10332489013672,285200
2022-08-11T00:00:00,49.189998626708984,49.58000183105469,49.130001068115234,37.50653839111328,309300
2022-08-12T00:00:00,49.619998931884766,49.68000030517578,49.209999084472656,37.76520538330078,366200
2022-08-15T00:00:00,49.47999954223633,49.880001068115234,49.47999954223633,37.734771728515625,146100
2022-08-16T00:00:00,50.150001525878906,50.45000076293945,50.11000061035156,38.122772216796875,180000
2022-08-17T00:00:00,50.869998931884766,51.7400016784668,50.81999969482422,39.2563362121582,295200
2022-08-18T00:00:00,51.540000915527344,51.70000076293945,51.33000183105469,39.22590637207031,245700
2022-08-19T00:00:00,51.5099983215332,51.880001068115234,51.439998626708984,39.294376373291016,147200
2022-08-22T00:00:00,49.689998626708984,49.7599983215332,48.81999969482422,37.47610855102539,309500
2022-08-23T00:00:00,48.349998474121094,48.66999816894531,48.060001373291016,36.8598747253418,259500
2022-08-24T00:00:00,48.06999969482422,48.560001373291016,47.029998779296875,36.09909439086914,516700
2022-08-25T00:00:00,46.68000030517578,47.279998779296875,46.119998931884766,35.65023422241211,282400
2022-08-26T00:00:00,47.2400016784668,47.66999816894531,47.13999938964844,35.9849739074707,285900
2022-08-29T00:00:00,46.2599983215332,46.75,45.75,34.86662673950195,454400
2022-08-30T00:00:00,44.709999084472656,44.709999084472656,43.810001373291016,33.39071273803711,360000
2022-08-31T00:00:00,43.65999984741211,44.2599983215332,43.61000061035156,33.299415588378906,459800
2022-09-01T00:00:00,42.93000030517578,43.62300109863281,42.52000045776367,33.10161209106445,283400
2022-09-02T00:00:00,42.880001068115234,43.22999954223633,42.625,32.584285736083984,261400
2022-09-06T00:00:00,39.79999923706055,39.939998626708984,39.099998474121094,30.23346710205078,569600
2022-09-07T00:00:00,39.72999954223633,39.79999923706055,39.01599884033203,30.195425033569336,381500
2022-09-08T00:00:00,38.9900016784668,39.119998931884766,38.44499969482422,29.366172790527344,284200
2022-09-09T00:00:00,38.599998474121094,38.84000015258789,38.400001525878906,29.35095977783203,234300
2022-09-12T00:00:00,39.68000030517578,41.26499938964844,39.54999923706055,31.26812744140625,401300
2022-09-13T00:00:00,40.060001373291016,40.130001068115234,39.5099983215332,30.157386779785156,211100
2022-09-14T00:00:00,40.630001068115234,40.790000915527344,40.34400177001953,30.918169021606445,151500
2022-09-15T00:00:00,40.220001220703125,40.91999816894531,40.2140007019043,31.024677276611328,152900
2022-09-16T00:00:00,40.97999954223633,41.38999938964844,40.75,31.222482681274418,155600
2022-09-19T00:00:00,40.06999969482422,40.25,39.75,30.317150115966797,1558900
2022-09-20T00:00:00,39.900001525878906,39.970001220703125,39.63999938964844,30.23346710205078,159300
2022-09-21T00:00:00,39.33000183105469,39.33000183105469,38.619998931884766,29.396608352661133,206500
2022-09-22T00:00:00,39,39.36000061035156,38.70000076293945,29.54876136779785,120400
2022-09-23T00:00:00,37.279998779296875,37.41999816894531,36.47999954223633,27.768531799316406,462400
2022-09-26T00:00:00,36.29999923706055,38.08000183105469,36.18000030517578,28.4075927734375,273200
2022-09-27T00:00:00,36.9900016784668,37.154998779296875,36.66999816894531,28.02720069885254,229400
2022-09-28T00:00:00,36,36.499000549316406,35.70000076293945,27.74571228027344,146900
2022-09-29T00:00:00,36.400001525878906,36.88100051879883,36.20399856567383,28.042417526245117,163000
2022-09-30T00:00:00,37.09000015258789,37.68000030517578,37.06999969482422,28.301082611083984,103400
2022-10-03T00:00:00,36.18000030517578,37.65999984741211,36.18000030517578,28.65104103088379,129700
2022-10-04T00:00:00,37.88999938964844,38.400001525878906,37.88999938964844,29.05425262451172,47600
2022-10-05T00:00:00,38.36000061035156,38.4900016784668,37.7400016784668,28.79558563232422,154700
2022-10-06T00:00:00,38.2400016784668,38.779998779296875,38.099998474121094,29.33574485778809,149500
2022-10-07T00:00:00,38.689998626708984,39.06999969482422,38.380001068115234,29.244447708129883,164800
2022-10-10T00:00:00,37.58000183105469,37.797000885009766,37.36000061035156,28.681474685668945,159800
2022-10-11T00:00:00,37.45000076293945,37.970001220703125,37.36000061035156,28.61300277709961,153600
2022-10-12T00:00:00,37.5099983215332,37.880001068115234,37.5099983215332,28.67386054992676,56800
2022-10-13T00:00:00,37.63999938964844,39,37.599998474121094,29.556367874145508,155200
2022-10-14T00:00:00,38.380001068115234,38.54999923706055,38.06999969482422,29.008607864379883,106100
2022-10-17T00:00:00,38.279998779296875,38.40999984741211,38.15999984741211,29.046649932861328,145200
2022-10-18T00:00:00,38.47999954223633,38.650001525878906,38.25,29.17597770690918,460700
2022-10-19T00:00:00,37.7599983215332,38.05099868774414,37.59000015258789,28.635822296142575,86200
2022-10-20T00:00:00,37.59000015258789,37.87300109863281,37.38999938964844,28.514097213745117,58000
2022-10-21T00:00:00,37.7599983215332,38.744998931884766,37.7599983215332,29.449859619140625,88500
2022-10-24T00:00:00,38.5,40.064998626708984,38.5,30.393230438232425,71400
2022-10-25T00:00:00,41.7400016784668,42.2400016784668,41.38999938964844,31.800676345825195,131200
2022-10-26T00:00:00,42.099998474121094,42.2400016784668,41.4900016784668,31.815893173217773,127400
2022-10-27T00:00:00,42.72999954223633,43.59000015258789,42.709999084472656,33.010318756103516,123600
2022-10-28T00:00:00,43.79999923706055,44.07500076293945,43.56700134277344,33.41353225708008,83400
2022-10-31T00:00:00,43.099998474121094,43.435001373291016,42.83599853515625,33.010318756103516,140200
2022-11-01T00:00:00,42.459999084472656,42.470001220703125,41.81999969482422,32.1049919128418,67200
2022-11-02T00:00:00,42.06999969482422,42.290000915527344,41.599998474121094,31.6561279296875,62300
2022-11-03T00:00:00,41.11000061035156,41.27000045776367,40.93000030517578,31.29095458984375,123800
2022-11-04T00:00:00,42.130001068115234,42.16999816894531,41.45000076293945,31.838714599609375,168600
2022-11-07T00:00:00,42.040000915527344,42.5,41.900001525878906,32.226715087890625,97400
2022-11-08T00:00:00,41.7599983215332,42.189998626708984,41.459999084472656,31.8691463470459,267800
2022-11-09T00:00:00,40.810001373291016,41.04999923706055,40.41999816894531,30.826875686645508,245500
2022-11-10T00:00:00,41.150001525878906,41.334999084472656,40.91999816894531,31.359424591064453,139300
2022-11-11T00:00:00,42.130001068115234,42.790000915527344,42.130001068115234,32.386478424072266,338500
2022-11-14T00:00:00,42.150001525878906,42.279998779296875,41.98699951171875,32.05934143066406,196700
2022-11-15T00:00:00,42.209999084472656,43.099998474121094,42.09000015258789,32.55384826660156,266000
2022-11-16T00:00:00,41.900001525878906,41.900001525878906,41.54999923706055,31.785459518432617,157800
2022-11-17T00:00:00,41.400001525878906,41.57500076293945,41.10100173950195,31.382246017456055,87900
2022-11-18T00:00:00,41.38999938964844,41.47999954223633,40.89500045776367,31.199657440185547,88100
2022-11-21T00:00:00,41.54999923706055,41.845001220703125,41.290000915527344,31.503971099853516,165600
2022-11-22T00:00:00,41.20000076293945,41.529998779296875,41.20000076293945,31.49636459350586,110800
2022-11-23T00:00:00,42.36000061035156,42.720001220703125,42.11000061035156,32.1049919128418,70800
2022-11-25T00:00:00,42.81999969482422,43.529998779296875,42.81999969482422,32.91902542114258,95600
2022-11-28T00:00:00,42.7400016784668,42.987998962402344,42.33000183105469,32.24192810058594,117800
2022-11-29T00:00:00,43.279998779296875,43.650001525878906,43.2599983215332,33.04835891723633,107900
2022-11-30T00:00:00,44.5,45.279998779296875,43.869998931884766,34.44819641113281,149000
2022-12-01T00:00:00,44.34000015258789,45.88999938964844,43.95000076293945,34.88945388793945,151700
2022-12-02T00:00:00,46.25,47,46.25,35.7263069152832,127600
2022-12-05T00:00:00,46.900001525878906,47.09600067138672,46.5,35.39156723022461,212700
2022-12-06T00:00:00,47.22999954223633,47.459999084472656,46.744998931884766,35.596981048583984,217800
2022-12-07T00:00:00,46.650001525878906,47.099998474121094,46.650001525878906,35.66544723510742,126800
2022-12-08T00:00:00,47.16999816894531,47.33000183105469,47.09000015258789,35.8708610534668,224800
2022-12-09T00:00:00,46.88999938964844,47.150001525878906,46.75,35.6578369140625,100200
2022-12-12T00:00:00,47.599998474121094,48.099998474121094,47.599998474121094,36.31972122192383,246400
2022-12-13T00:00:00,47.5,47.869998931884766,47.279998779296875,36.33493423461914,152900
2022-12-14T00:00:00,46.75,47.084999084472656,46.551998138427734,35.67305374145508,188000
2022-12-15T00:00:00,47,47.08000183105469,46.31999969482422,35.368743896484375,366300
2022-12-16T00:00:00,46.79999923706055,46.97999954223633,45.849998474121094,34.94270324707031,199600
2022-12-19T00:00:00,46.22999954223633,46.540000915527344,45.650001525878906,34.93509292602539,188900
2022-12-20T00:00:00,46.529998779296875,47.15999984741211,46.529998779296875,35.604583740234375,115700
2022-12-21T00:00:00,46.310001373291016,46.5,46.17499923706055,35.26984405517578,66500
2022-12-22T00:00:00,46.88999938964844,46.88999938964844,46.38999938964844,35.66544723510742,52400
2022-12-23T00:00:00,46.65999984741211,47.029998779296875,46.4900016784668,35.7491340637207,102200
2022-12-27T00:00:00,46.77000045776367,46.95500183105469,46.58000183105469,35.558937072753906,88200
2022-12-28T00:00:00,38.22999954223633,38.34000015258789,37.34000015258789,34.757625579833984,290300
2022-12-29T00:00:00,37.36000061035156,37.380001068115234,36.81999969482422,34.507503509521484,204600
2022-12-30T00:00:00,36.79999923706055,36.86000061035156,36.01599884033203,33.78493118286133,505800
2023-01-03T00:00:00,36.7599983215332,36.93000030517578,36.32400131225586,33.72934341430664,387400
2023-01-04T00:00:00,35.70000076293945,35.70000076293945,34.63999938964844,32.108184814453125,359000
2023-01-05T00:00:00,34.77000045776367,35.08000183105469,34.709999084472656,32.37683868408203,181000
2023-01-06T00:00:00,34.97999954223633,34.97999954223633,34.63999938964844,32.34904479980469,156400
2023-01-09T00:00:00,35.720001220703125,36.22999954223633,35.70000076293945,33.34952926635742,241900
2023-01-10T00:00:00,35.97999954223633,35.9900016784668,35.61000061035156,33.32174301147461,109500
2023-01-11T00:00:00,35.68000030517578,35.68000030517578,35.20000076293945,32.8863410949707,182100
2023-01-12T00:00:00,35.72999954223633,36.15399932861328,35.650001525878906,33.43290328979492,144100
2023-01-13T00:00:00,35.66999816894531,36.060001373291016,35.439998626708984,33.30321502685547,99100
2023-01-17T00:00:00,35.79999923706055,36.20199966430664,35.709999084472656,33.275421142578125,98300
2023-01-18T00:00:00,36.790000915527344,37.310001373291016,36.790000915527344,34.35001754760742,280300
2023-01-19T00:00:00,37.29999923706055,37.3650016784668,36.970001220703125,34.516761779785156,163700
2023-01-20T00:00:00,37.439998626708984,37.540000915527344,37.33000183105469,34.7020378112793,91900
2023-01-23T00:00:00,37.470001220703125,37.58300018310547,37.11000061035156,34.5352897644043,237000
2023-01-24T00:00:00,36.79999923706055,36.810001373291016,36.382999420166016,33.92388153076172,128500
2023-01-25T00:00:00,36.58000183105469,37.36000061035156,36.58000183105469,34.55381774902344,104300
2023-01-26T00:00:00,38.47999954223633,38.790000915527344,38.21599960327149,35.92485427856445,268000
2023-01-27T00:00:00,38.72999954223633,38.94900131225586,38.439998626708984,35.683998107910156,113400
2023-01-30T00:00:00,38.650001525878906,38.77000045776367,38.5099983215332,35.67473220825195,169200
2023-01-31T00:00:00,39.349998474121094,39.650001525878906,39.099998474121094,36.63816833496094,115900
2023-02-01T00:00:00,40.099998474121094,40.9900016784668,39.900001525878906,37.73128890991211,546700
2023-02-02T00:00:00,39.9900016784668,40.11000061035156,39.349998474121094,36.90681457519531,296900
2023-02-03T00:00:00,40.04999923706055,40.15999984741211,39.72700119018555,36.934608459472656,128200
2023-02-06T00:00:00,39.310001373291016,39.310001373291016,38.709999084472656,35.980438232421875,109600
2023-02-07T00:00:00,38.56999969482422,38.7599983215332,38.29999923706055,35.75810623168945,57100
2023-02-08T00:00:00,38.6609992980957,38.689998626708984,38.310001373291016,35.59135818481445,80900
2023-02-09T00:00:00,38.849998474121094,38.97999954223633,38.75,35.89706802368164,75800
2023-02-10T00:00:00,39.04999923706055,39.224998474121094,38.900001525878906,36.19350814819336,85200
2023-02-13T00:00:00,39,39.0260009765625,38.72999954223633,36.07307434082031,70700
2023-02-14T00:00:00,38.81999969482422,39.03799819946289,38.540000915527344,35.80442810058594,76200
2023-02-15T00:00:00,39.029998779296875,39.529998779296875,38.959999084472656,36.480682373046875,90800
2023-02-16T00:00:00,39.849998474121094,40.439998626708984,39.70000076293945,37.25883865356445,242600
2023-02-17T00:00:00,39.900001525878906,39.97999954223633,39.720001220703125,36.99018859863281,117500
2023-02-21T00:00:00,40.86000061035156,41.22999954223633,40.86000061035156,37.91656494140625,284400
2023-02-22T00:00:00,40.38999938964844,40.38999938964844,39.54999923706055,36.72153854370117,147100
2023-02-23T00:00:00,40.11000061035156,40.150001525878906,39.70000076293945,36.962398529052734,69800
2023-02-24T00:00:00,40.349998474121094,40.349998474121094,39.869998931884766,37.00871658325195,73600
2023-02-27T00:00:00,40.36000061035156,40.9900016784668,40.36000061035156,37.90729904174805,116700
2023-02-28T00:00:00,41,41.02000045776367,40.540000915527344,37.56454086303711,99700
2023-03-01T00:00:00,40.099998474121094,40.358001708984375,40.07500076293945,37.30515670776367,151100
2023-03-02T00:00:00,39.65999984741211,39.86000061035156,39.25,36.48994827270508,306400
2023-03-03T00:00:00,39.310001373291016,39.42399978637695,39.06999969482422,36.45288848876953,96000
2023-03-06T00:00:00,39.369998931884766,39.64099884033203,39.29999923706055,36.45288848876953,63500
2023-03-07T00:00:00,40,40.150001525878906,39.75,36.8697624206543,57500
2023-03-08T00:00:00,40.09000015258789,40.5,40.09000015258789,37.51822280883789,160700
2023-03-09T00:00:00,40.27000045776367,41,40.27000045776367,37.97214889526367,82900
2023-03-10T00:00:00,41,41.66999816894531,40.9900016784668,38.50018310546875,141000
2023-03-13T00:00:00,40.099998474121094,40.770999908447266,40.0099983215332,37.24031066894531,263000
2023-03-14T00:00:00,39.83000183105469,39.93000030517578,39.5,36.63816833496094,117400
2023-03-15T00:00:00,38.0099983215332,38.22800064086914,37.779998779296875,35.248600006103516,505800
2023-03-16T00:00:00,37.31999969482422,37.77000045776367,37.04999923706055,34.831729888916016,156200
2023-03-17T00:00:00,37.47999954223633,37.86199951171875,37.029998779296875,34.924373626708984,133700
2023-03-20T00:00:00,37.36000061035156,38.15999984741211,37.290000915527344,34.979949951171875,126300
2023-03-21T00:00:00,38.619998931884766,38.970001220703125,38.48500061035156,35.9526481628418,84200
2023-03-22T00:00:00,38.38999938964844,38.93000030517578,38.29999923706055,35.75810623168945,66400
2023-03-23T00:00:00,39.54999923706055,39.849998474121094,39.54999923706055,36.795650482177734,54100
2023-03-24T00:00:00,37.90999984741211,38.13999938964844,37.70000076293945,35.20228576660156,140100
2023-03-27T00:00:00,37.84000015258789,38.220001220703125,37.84000015258789,35.40608596801758,124000
2023-03-28T00:00:00,38.540000915527344,38.72999954223633,38.40999984741211,35.84148025512695,55000
2023-03-29T00:00:00,38.779998779296875,38.95000076293945,38.75,36.0452880859375,71300
2023-03-30T00:00:00,39.20000076293945,39.599998474121094,39.20000076293945,36.47141647338867,51800
2023-03-31T00:00:00,39.68000030517578,39.77000045776367,39.45199966430664,36.730804443359375,82100
2023-04-03T00:00:00,40.29999923706055,40.97999954223633,40.29999923706055,37.93509292602539,259100
2023-04-04T00:00:00,40.9900016784668,40.9900016784668,40.5,37.57380676269531,86700
2023-04-05T00:00:00,40.95000076293945,40.9900016784668,40.7400016784668,37.96288299560547,46600
2023-04-06T00:00:00,40.810001373291016,40.95000076293945,40.70899963378906,37.83319091796875,39100
2023-04-10T00:00:00,40.720001220703125,40.90999984741211,40.54999923706055,37.74055480957031,56400
2023-04-11T00:00:00,41.119998931884766,41.275001525878906,41.005001068115234,38.00920104980469,166200
2023-04-12T00:00:00,40.709999084472656,41.1150016784668,40.709999084472656,38.01846694946289,39200
2023-04-13T00:00:00,40.90999984741211,40.90999984741211,40.650001525878906,37.80540084838867,41300
2023-04-14T00:00:00,40.56999969482422,40.77899932861328,40.54999923706055,37.63865280151367,52500
2023-04-17T00:00:00,40.22999954223633,40.459999084472656,40.08000183105469,37.26810073852539,94200
2023-04-18T00:00:00,40.59000015258789,41.099998474121094,40.59000015258789,38.02772903442383,63400
2023-04-19T00:00:00,41.040000915527344,41.2599983215332,40.59000015258789,37.80540084838867,83900
2023-04-20T00:00:00,40.029998779296875,40.189998626708984,39.849998474121094,36.99945068359375,112200
2023-04-21T00:00:00,39.68000030517578,39.75,39.22999954223633,36.67522048950195,94200
2023-04-24T00:00:00,38.900001525878906,39.334999084472656,38.75,36.360252380371094,99900
2023-04-25T00:00:00,38.880001068115234,39.20000076293945,38.40999984741211,35.60062789916992,115200
2023-04-26T00:00:00,38.5,38.61100006103515,38.20000076293945,35.57283401489258,71100
2023-04-27T00:00:00,38.5,38.869998931884766,38.292999267578125,35.92485427856445,75400
2023-04-28T00:00:00,39,39.099998474121094,38.81999969482422,36.08234024047851,57700
2023-05-01T00:00:00,38.099998474121094,38.55099868774414,38.099998474121094,35.5357780456543,142900
2023-05-02T00:00:00,39.400001525878906,39.400001525878906,38.93000030517578,36.17498016357422,128500
2023-05-03T00:00:00,38.060001373291016,38.29999923706055,37.869998931884766,35.38755798339844,226100
2023-05-04T00:00:00,38,38.18000030517578,37.70000076293945,34.998477935791016,94200
2023-05-05T00:00:00,38.099998474121094,38.099998474121094,37.849998474121094,35.2208137512207,55500
2023-05-08T00:00:00,37.900001525878906,38.12799835205078,37.900001525878906,35.230072021484375,41300
2023-05-09T00:00:00,37.95000076293945,38.56999969482422,37.90999984741211,35.609886169433594,35200
2023-05-10T00:00:00,39,39.18000030517578,38.869998931884766,36.2027702331543,50900
2023-05-11T00:00:00,38.599998474121094,38.75,38.400001525878906,35.850746154785156,29400
2023-05-12T00:00:00,38.54999923706055,38.720001220703125,38.45000076293945,35.82295227050781,31600
2023-05-15T00:00:00,38.130001068115234,38.18000030517578,37.97999954223633,35.359764099121094,41500
2023-05-16T00:00:00,38.529998779296875,38.63999938964844,38.290000915527344,35.63768005371094,56800
2023-05-17T00:00:00,38.189998626708984,38.45000076293945,38.18000030517578,35.56357192993164,41700
2023-05-18T00:00:00,38.52000045776367,38.79499816894531,38.5099983215332,35.88780212402344,57100
2023-05-19T00:00:00,39.02000045776367,39.11000061035156,38.720001220703125,35.88780212402344,97500
2023-05-22T00:00:00,38.20000076293945,38.29999923706055,38.08000183105469,35.35050582885742,71800
2023-05-23T00:00:00,37.70000076293945,37.7400016784668,37.470001220703125,34.7113037109375,107200
2023-05-24T00:00:00,37.5,37.599998474121094,37.119998931884766,34.479713439941406,108900
2023-05-25T00:00:00,36.650001525878906,36.82899856567383,36.61000061035156,34.02578353881836,81100
2023-05-26T00:00:00,36.689998626708984,36.849998474121094,36.55500030517578,33.97019958496094,267000
2023-05-30T00:00:00,36.43000030517578,36.46500015258789,36.040000915527344,33.45143508911133,142600
2023-05-31T00:00:00,36.06999969482422,36.375,36,33.442169189453125,91000
2023-06-01T00:00:00,36,36.20000076293945,35.599998474121094,33.23836898803711,117000
2023-06-02T00:00:00,36.18000030517578,36.18000030517578,35.54800033569336,32.98824691772461,60800
2023-06-05T00:00:00,36.52000045776367,36.869998931884766,36.470001220703125,33.99799728393555,163700
2023-06-06T00:00:00,36.15999984741211,36.43000030517578,35.869998931884766,33.55333709716797,123800
2023-06-07T00:00:00,36.619998931884766,37.20000076293945,36.619998931884766,34.229591369628906,123800
2023-06-08T00:00:00,37,37.349998474121094,37,34.4519157409668,38500
2023-06-09T00:00:00,37.70000076293945,38.27000045776367,37.70000076293945,35.10964584350586,312800
2023-06-12T00:00:00,38.25,38.75,38.25,35.89706802368164,60500
2023-06-13T00:00:00,38.810001373291016,39.69499969482422,38.77000045776367,36.58258438110352,242700
2023-06-14T00:00:00,40.15999984741211,40.57500076293945,40.15999984741211,37.52748489379883,142000
2023-06-15T00:00:00,40.540000915527344,41.040000915527344,40.5099983215332,37.96288299560547,95200
2023-06-16T00:00:00,40.540000915527344,40.790000915527344,40.380001068115234,37.51822280883789,158600
2023-06-20T00:00:00,41.18000030517578,41.5,40.95000076293945,38.10184097290039,259400
2023-06-21T00:00:00,40.2400016784668,40.5,40.0099983215332,37.47190475463867,114900
2023-06-22T00:00:00,40,40.34000015258789,39.88999938964844,37.37000274658203,45600
2023-06-23T00:00:00,39.36000061035156,39.540000915527344,39,36.165714263916016,74500
2023-06-26T00:00:00,38.529998779296875,38.869998931884766,38.5,35.75810623168945,199300
2023-06-27T00:00:00,39.13999938964844,39.54999923706055,39.099998474121094,36.55479431152344,160400
2023-06-28T00:00:00,37.459999084472656,37.65999984741211,37.209999084472656,36.373069763183594,106100
2023-06-29T00:00:00,37.47999954223633,37.47999954223633,37.27000045776367,36.112091064453125,133000
2023-06-30T00:00:00,37.720001220703125,38.099998474121094,37.720001220703125,36.65338134765625,99200
2023-07-03T00:00:00,37.689998626708984,37.7599983215332,37.470001220703125,36.3634033203125,100300
2023-07-05T00:00:00,37.06999969482422,37.125,36.869998931884766,35.63845443725586,76500
2023-07-06T00:00:00,36.93000030517578,36.98899841308594,36.7400016784668,35.64812469482422,48800
2023-07-07T00:00:00,36.93000030517578,37.220001220703125,36.93000030517578,35.80278015136719,49400
2023-07-10T00:00:00,37.02000045776367,37.38999938964844,37,36.112091064453125,43300
2023-07-11T00:00:00,37.47999954223633,37.599998474121094,37.380001068115234,36.32474136352539,79700
2023-07-12T00:00:00,37.70000076293945,37.7599983215332,37.470001220703125,36.27640914916992,40000
2023-07-13T00:00:00,37.84000015258789,38.22999954223633,37.755001068115234,36.86603546142578,92900
2023-07-14T00:00:00,38.5,38.54999923706055,38.150001525878906,37.02069091796875,113000
2023-07-17T00:00:00,38.18000030517578,38.63999938964844,38.119998931884766,37.204345703125,47400
2023-07-18T00:00:00,38.560001373291016,38.97999954223633,38.529998779296875,37.52332305908203,68800
2023-07-19T00:00:00,39.11000061035156,39.11000061035156,38.939998626708984,37.77463912963867,60500
2023-07-20T00:00:00,39.650001525878906,39.70500183105469,39.13999938964844,37.94862365722656,67500
2023-07-21T00:00:00,39.470001220703125,39.68000030517578,39.43000030517578,38.22893905639648,150700
2023-07-24T00:00:00,39.27000045776367,39.31999969482422,39.099998474121094,37.80363464355469,127900
2023-07-25T00:00:00,39.099998474121094,39.44499969482422,39.099998474121094,38.06461715698242,64100
2023-07-26T00:00:00,39.310001373291016,39.52000045776367,39.0099983215332,38.13227844238281,233900
2023-07-27T00:00:00,39.66999816894531,40.099998474121094,39.5,38.28693389892578,170100
2023-07-28T00:00:00,39.0099983215332,39.220001220703125,38.880001068115234,37.90996170043945,68000
2023-07-31T00:00:00,38.599998474121094,39.040000915527344,38.540000915527344,37.56198501586914,144600
2023-08-01T00:00:00,38.540000915527344,38.560001373291016,37.85499954223633,36.61471939086914,135300
2023-08-02T00:00:00,37.529998779296875,37.625999450683594,37.09000015258789,35.899436950683594,99800
2023-08-03T00:00:00,37.56999969482422,37.63999938964844,37.349998474121094,36.102420806884766,54200
2023-08-04T00:00:00,37.439998626708984,37.582000732421875,37.40999984741211,36.23774719238281,31000
2023-08-07T00:00:00,37.43000030517578,37.439998626708984,37.314998626708984,36.09275817871094,26200
2023-08-08T00:00:00,37.47999954223633,37.79999923706055,37.3489990234375,36.48906326293945,44900
2023-08-09T00:00:00,37.970001220703125,37.9900016784668,37.630001068115234,36.47939682006836,44300
2023-08-10T00:00:00,37.779998779296875,38.05500030517578,37.76100158691406,36.52772521972656,27600
2023-08-11T00:00:00,37.939998626708984,38.303001403808594,37.939998626708984,36.92403030395508,29200
2023-08-14T00:00:00,38.09000015258789,38.43000030517578,38.06999969482422,36.8950309753418,54600
2023-08-15T00:00:00,38.25,38.25,37.900001525878906,36.63405227661133,21100
2023-08-16T00:00:00,38.41999816894531,38.56999969482422,38.2599983215332,37.04969024658203,43000
2023-08-17T00:00:00,38.779998779296875,38.93000030517578,38.45000076293945,37.17534637451172,99400
2023-08-18T00:00:00,38.209999084472656,38.45000076293945,38.209999084472656,37.07868576049805,95000
2023-08-21T00:00:00,38.5,38.54999923706055,38.369998931884766,37.194679260253906,80700
2023-08-22T00:00:00,39.04999923706055,39.25,38.810001373291016,37.61031723022461,74700
2023-08-23T00:00:00,38.2599983215332,39.09000015258789,38.20000076293945,37.61997985839844,143900
2023-08-24T00:00:00,38.06999969482422,38.369998931884766,37.79999923706055,36.55672454833984,87500
2023-08-25T00:00:00,38,38.04999923706055,37.619998931884766,36.60505294799805,83300
2023-08-28T00:00:00,37.869998931884766,37.9900016784668,37.7400016784668,36.50839614868164,57200
2023-08-29T00:00:00,37.56999969482422,37.970001220703125,37.56999969482422,36.70171356201172,78300
2023-08-30T00:00:00,38.209999084472656,38.505001068115234,38.16999816894531,37.059356689453125,33800
2023-08-31T00:00:00,38.31999969482422,38.36000061035156,38.13999938964844,36.8950309753418,94800
2023-09-01T00:00:00,38.119998931884766,38.119998931884766,37.7400016784668,36.61471939086914,68000
2023-09-05T00:00:00,37.18000030517578,37.369998931884766,37.060001373291016,36.07342529296875,81700
2023-09-06T00:00:00,37.33000183105469,37.36000061035156,37.11000061035156,35.976768493652344,356800
2023-09-07T00:00:00,37.0099983215332,37.15299987792969,36.970001220703125,35.87044143676758,101200
2023-09-08T00:00:00,36.9900016784668,37.08000183105469,36.6510009765625,35.50313186645508,84800
2023-09-11T00:00:00,36.779998779296875,36.92499923706055,36.68000030517578,35.62879180908203,479400
2023-09-12T00:00:00,36.63999938964844,36.7599983215332,36.52000045776367,35.34847640991211,310700
2023-09-13T00:00:00,36.91999816894531,37.38999938964844,36.90999984741211,36.112091064453125,225700
2023-09-14T00:00:00,37.04999923706055,37.15999984741211,36.91999816894531,35.75444793701172,60300
2023-09-15T00:00:00,36.900001525878906,36.95000076293945,36.619998931884766,35.445133209228516,53000
2023-09-18T00:00:00,36.36000061035156,36.470001220703125,36.180999755859375,35.07783126831055,103400
2023-09-19T00:00:00,36.36000061035156,36.54999923706055,36.35200119018555,35.19382095336914,82300
2023-09-20T00:00:00,36.47999954223633,36.97999954223633,36.47999954223633,35.54179763793945,53900
2023-09-21T00:00:00,36.779998779296875,37.14899826049805,36.779998779296875,35.812442779541016,33100
2023-09-22T00:00:00,37.08000183105469,37.59299850463867,37.08000183105469,36.17975234985352,94600
2023-09-25T00:00:00,37.13999938964844,37.25,37,35.79310989379883,55000
2023-09-26T00:00:00,36.619998931884766,36.66999816894531,36.27000045776367,35.18415832519531,154100
2023-09-27T00:00:00,36.130001068115234,36.189998626708984,35.900001525878906,34.797515869140625,74600
2023-09-28T00:00:00,36.47999954223633,36.52799987792969,36.20800018310547,35.17448806762695,40000
2023-09-29T00:00:00,36.22999954223633,36.22999954223633,35.9900016784668,34.92317581176758,79500
2023-10-02T00:00:00,35.95000076293945,36.099998474121094,35.849998474121094,34.67185592651367,121400
2023-10-03T00:00:00,35.68000030517578,35.869998931884766,35.68000030517578,34.53653335571289,53900
2023-10-04T00:00:00,36.09000015258789,36.36000061035156,36.09000015258789,35.10682678222656,71000
2023-10-05T00:00:00,35.959999084472656,36.18000030517578,35.869998931884766,34.874847412109375,77800
2023-10-06T00:00:00,35.959999084472656,36.439998626708984,35.95000076293945,35.10682678222656,64500
2023-10-09T00:00:00,36.31999969482422,36.599998474121094,36.31999969482422,35.35814666748047,84500
2023-10-10T00:00:00,37.290000915527344,37.64400100708008,37.290000915527344,36.266746520996094,92600
2023-10-11T00:00:00,37.439998626708984,37.5890007019043,37.029998779296875,36.00576400756836,14400
2023-10-12T00:00:00,37.470001220703125,37.54999923706055,37.310001373291016,36.189414978027344,46200
2023-10-13T00:00:00,37.27000045776367,37.63999938964844,37.27000045776367,36.189414978027344,98600
2023-10-16T00:00:00,37.25,37.25,36.900001525878906,35.822113037109375,51100
2023-10-17T00:00:00,36.650001525878906,36.81999969482422,36.52000045776367,35.57079315185547,60400
2023-10-18T00:00:00,36.33000183105469,36.459999084472656,36.310001373291016,35.097164154052734,83400
2023-10-19T00:00:00,36.31999969482422,36.63999938964844,36.31999969482422,35.377471923828125,27800
2023-10-20T00:00:00,36.2400016784668,36.63999938964844,36.2400016784668,35.4161376953125,108600
2023-10-23T00:00:00,36.15999984741211,36.375,36.150001525878906,35.11649703979492,26400
2023-10-24T00:00:00,36.34000015258789,36.46900177001953,36.16999816894531,35.10682678222656,27300
2023-10-25T00:00:00,36.15999984741211,36.29999923706055,36.09000015258789,34.98116683959961,42300
2023-10-26T00:00:00,36,36.18000030517578,36,34.932838439941406,24000
2023-10-27T00:00:00,36.06999969482422,36.20000076293945,36,34.797515869140625,36600
2023-10-30T00:00:00,36.02000045776367,36.150001525878906,35.95000076293945,34.91350555419922,97400
2023-10-31T00:00:00,36.029998779296875,36.33000183105469,35.9900016784668,34.98116683959961,48000
2023-11-01T00:00:00,35.880001068115234,36,35.72999954223633,34.729854583740234,66500
2023-11-02T00:00:00,35.689998626708984,36.4900016784668,35.50400161743164,35.164825439453125,64600
2023-11-03T00:00:00,36.40999984741211,36.63800048828125,36.18000030517578,35.010169982910156,46200
2023-11-06T00:00:00,35.91999816894531,36,35.79999923706055,34.68152618408203,55200
2023-11-07T00:00:00,35.72999954223633,35.834999084472656,35.61000061035156,34.49787139892578,68900
2023-11-08T00:00:00,36.0099983215332,36.01300048828125,35.70500183105469,34.53653335571289,45600
2023-11-09T00:00:00,35.79999923706055,36.349998474121094,35.79999923706055,34.96183776855469,86200
2023-11-10T00:00:00,36.11000061035156,36.540000915527344,36.04999923706055,35.319480895996094,44700
2023-11-13T00:00:00,36.0099983215332,36.20000076293945,36.0099983215332,34.8941764831543,53600
2023-11-14T00:00:00,36.66999816894531,37.01599884033203,36.66999816894531,35.744781494140625,75200
2023-11-15T00:00:00,37.16999816894531,37.33000183105469,37.150001525878906,36.044429779052734,62600
2023-11-16T00:00:00,37.04999923706055,37.13999938964844,36.680999755859375,35.522464752197266,37000
2023-11-17T00:00:00,36.68000030517578,36.880001068115234,36.599998474121094,35.454803466796875,48800
2023-11-20T00:00:00,36.83000183105469,36.95000076293945,36.68000030517578,35.49346923828125,79900
2023-11-21T00:00:00,36.540000915527344,36.56800079345703,36.290000915527344,35.21315383911133,80700
2023-11-22T00:00:00,36.279998779296875,36.584999084472656,36.150001525878906,35.17448806762695,45800
2023-11-24T00:00:00,36.880001068115234,37.14899826049805,36.880001068115234,35.667457580566406,39000
2023-11-27T00:00:00,36.150001525878906,36.25,35.86000061035156,34.75885009765625,75500
2023-11-28T00:00:00,36.04999923706055,36.189998626708984,35.77000045776367,34.67185592651367,115100
2023-11-29T00:00:00,35.45000076293945,35.54499816894531,35.15999984741211,34.062904357910156,184100
2023-11-30T00:00:00,35.20000076293945,35.334999084472656,34.970001220703125,33.84058380126953,57700
2023-12-01T00:00:00,35.310001373291016,35.45000076293945,35.04999923706055,34.033905029296875,129500
2023-12-04T00:00:00,34.84000015258789,34.95899963378906,34.43000030517578,33.4636116027832,99100
2023-12-05T00:00:00,34.029998779296875,34.25,33.900001525878906,32.864322662353516,148900
2023-12-06T00:00:00,34,34,33.779998779296875,32.79665756225586,130200
2023-12-07T00:00:00,34.040000915527344,34.38999938964844,34.01499938964844,33.06730651855469,129800
2023-12-08T00:00:00,33.939998626708984,34.1150016784668,33.82099914550781,32.719329833984375,68700
2023-12-11T00:00:00,33.220001220703125,33.70000076293945,33.21099853515625,32.41001892089844,101500
2023-12-12T00:00:00,33.689998626708984,33.99800109863281,33.689998626708984,32.73866271972656,236200
2023-12-13T00:00:00,34.119998931884766,34.599998474121094,33.97999954223633,33.241294860839844,104200
2023-12-14T00:00:00,34.52000045776367,34.54999923706055,33.880001068115234,32.96097946166992,63400
2023-12-15T00:00:00,33.79999923706055,33.9900016784668,33.66999816894531,32.70000076293945,75000
2023-12-18T00:00:00,33.5,33.66699981689453,33.220001220703125,33.34000015258789,85300
2023-12-19T00:00:00,33.349998474121094,33.58000183105469,33.349998474121094,33.560001373291016,100900
2023-12-20T00:00:00,33.369998931884766,34.67100143432617,33.34000015258789,34.349998474121094,113500
2023-12-21T00:00:00,35.2400016784668,35.619998931884766,35.16999816894531,35.459999084472656,154300
2023-12-22T00:00:00,35.599998474121094,35.810001373291016,35.599998474121094,35.7599983215332,105900
2023-12-26T00:00:00,35.72999954223633,35.90999984741211,35.72999954223633,35.84000015258789,130900
2023-12-27T00:00:00,36.060001373291016,36.37300109863281,36.060001373291016,36.36000061035156,79400
2023-12-28T00:00:00,36.33000183105469,36.512001037597656,36.29999923706055,36.34000015258789,124500
2023-12-29T00:00:00,36.33000183105469,36.560001373291016,36.33000183105469,36.4900016784668,169700
2024-01-02T00:00:00,35.380001068115234,35.380001068115234,34.79999923706055,35.11000061035156,185500
2024-01-03T00:00:00,35.34000015258789,35.65999984741211,35.34000015258789,35.630001068115234,73000
2024-01-04T00:00:00,35.029998779296875,35.380001068115234,34.9900016784668,35.33000183105469,40700
2024-01-05T00:00:00,35.310001373291016,35.58000183105469,35.29999923706055,35.56999969482422,39200
2024-01-08T00:00:00,34.54999923706055,34.685001373291016,34.220001220703125,34.27000045776367,82700
2024-01-09T00:00:00,34.20000076293945,34.36399841308594,34.125999450683594,34.25,76900
2024-01-10T00:00:00,33.52000045776367,33.84000015258789,33.400001525878906,33.79999923706055,69900
2024-01-11T00:00:00,33.310001373291016,33.45000076293945,32.689998626708984,33.02000045776367,115000
2024-01-12T00:00:00,32.2599983215332,32.45899963378906,32.11000061035156,32.34000015258789,241500
2024-01-16T00:00:00,32.150001525878906,32.194000244140625,32.02000045776367,32.08000183105469,173100
2024-01-17T00:00:00,31.690000534057617,31.690000534057617,31.440000534057617,31.61000061035156,116900
2024-01-18T00:00:00,31.43000030517578,31.56999969482422,31.31999969482422,31.520000457763672,195600
2024-01-19T00:00:00,31.68000030517578,31.799999237060547,31.68000030517578,31.760000228881836,63400
2024-01-22T00:00:00,30.969999313354492,31.489999771118164,30.829999923706055,31.280000686645508,116700
2024-01-23T00:00:00,31.229999542236328,31.51499938964844,31.229999542236328,31.450000762939453,88100
2024-01-24T00:00:00,32,32.3849983215332,31.961000442504883,32.279998779296875,77000
2024-01-25T00:00:00,31.549999237060547,31.690000534057617,31.41200065612793,31.600000381469727,185700
2024-01-26T00:00:00,31.5,31.850000381469727,31.400999069213867,31.479999542236328,130000
2024-01-29T00:00:00,31.489999771118164,31.489999771118164,30.915000915527344,31,98700
2024-01-30T00:00:00,31.170000076293945,31.76499938964844,31.170000076293945,31.649999618530273,81800
2024-01-31T00:00:00,31.600000381469727,31.950000762939453,31.600000381469727,31.700000762939453,42300
2024-02-01T00:00:00,31.5,31.579999923706055,31.25900077819824,31.459999084472656,70000
2024-02-02T00:00:00,31.790000915527344,31.899999618530273,31.61000061035156,31.719999313354492,61900